Model,MAE,RMSE
Random Forest,8.279938746022143,21.696423262902865
Neural Network (PyTorch),34.82365798950195,57.22095589002992
